{"cameraMode":{"drawMode":0,"name":"Shaded","section":"Shading Mode"},"sceneLighting":false,"audioPlay":false,"sceneViewState":{"showFog":true,"showMaterialUpdate":true,"showSkybox":false,"showFlares":true,"showImageEffects":true,"showParticleSystems":true},"in2DMode":false,"pivot":{"x":-4.818371772766113,"y":1.4537358283996583,"z":-2.222382068634033},"rotation":{"x":0.05015688017010689,"y":0.915217399597168,"z":-0.3813631534576416,"w":0.12040210515260697},"size":5.079137802124023,"orthographic":false}