{"cameraMode":{"drawMode":0,"name":"Shaded","section":"Shading Mode"},"sceneLighting":false,"audioPlay":false,"sceneViewState":{"showFog":true,"showMaterialUpdate":true,"showSkybox":true,"showFlares":true,"showImageEffects":true,"showParticleSystems":true},"in2DMode":false,"pivot":{"x":-103.77970886230469,"y":77.46504211425781,"z":47.77689743041992},"rotation":{"x":-0.23824505507946015,"y":-0.760522723197937,"z":0.40287765860557558,"w":-0.4508250057697296},"size":2.8578836917877199,"orthographic":false}