{"cameraMode":{"drawMode":0,"name":"Shaded","section":"Shading Mode"},"sceneLighting":false,"audioPlay":false,"sceneViewState":{"showFog":true,"showMaterialUpdate":true,"showSkybox":false,"showFlares":true,"showImageEffects":true,"showParticleSystems":true},"in2DMode":false,"pivot":{"x":-8.199941635131836,"y":0.5450584888458252,"z":1.792669653892517},"rotation":{"x":0.11772090941667557,"y":0.760063111782074,"z":-0.1438618153333664,"w":0.6233912706375122},"size":7.7341790199279789,"orthographic":false}