{"cameraMode":{"drawMode":0,"name":"Shaded","section":"Shading Mode"},"sceneLighting":true,"audioPlay":false,"sceneViewState":{"showFog":true,"showMaterialUpdate":true,"showSkybox":true,"showFlares":true,"showImageEffects":true,"showParticleSystems":true},"in2DMode":false,"pivot":{"x":-63.640228271484378,"y":-36.97146224975586,"z":-14.760665893554688},"rotation":{"x":-0.22316674888134004,"y":0.5297492742538452,"z":-0.14715693891048432,"w":-0.8058528304100037},"size":85.5892562866211,"orthographic":false}