{"cameraMode":{"drawMode":0,"name":"Shaded","section":"Shading Mode"},"sceneLighting":false,"audioPlay":false,"sceneViewState":{"showFog":true,"showMaterialUpdate":true,"showSkybox":false,"showFlares":true,"showImageEffects":true,"showParticleSystems":true},"in2DMode":false,"pivot":{"x":0.020414113998413087,"y":-0.19016170501708985,"z":4.743250370025635},"rotation":{"x":-0.28212770819664,"y":-0.6697388291358948,"z":0.3088400959968567,"w":-0.6142239570617676},"size":3.223938226699829,"orthographic":false}