{"cameraMode":{"drawMode":0,"name":"Shaded","section":"Shading Mode"},"sceneLighting":true,"audioPlay":false,"sceneViewState":{"showFog":true,"showMaterialUpdate":true,"showSkybox":true,"showFlares":true,"showImageEffects":true,"showParticleSystems":true},"in2DMode":false,"pivot":{"x":-0.5447424650192261,"y":-0.04886234551668167,"z":-1.6121487617492676},"rotation":{"x":-0.0922323539853096,"y":0.9037752151489258,"z":-0.24751149117946626,"w":-0.3367817997932434},"size":10.449999809265137,"orthographic":false}