{"cameraMode":{"drawMode":0,"name":"Shaded","section":"Shading Mode"},"sceneLighting":true,"audioPlay":false,"sceneViewState":{"showFog":true,"showMaterialUpdate":true,"showSkybox":true,"showFlares":true,"showImageEffects":true,"showParticleSystems":true},"in2DMode":false,"pivot":{"x":12.343289375305176,"y":-25.359689712524415,"z":-8.60228443145752},"rotation":{"x":0.2562697231769562,"y":0.7389647960662842,"z":-0.38927170634269717,"w":0.4866032302379608},"size":49.07685852050781,"orthographic":false}