{"cameraMode":{"drawMode":0,"name":"Shaded","section":"Shading Mode"},"sceneLighting":false,"audioPlay":false,"sceneViewState":{"showFog":true,"showMaterialUpdate":true,"showSkybox":true,"showFlares":true,"showImageEffects":true,"showParticleSystems":true},"in2DMode":false,"pivot":{"x":-1.2589926719665528,"y":-47.52355194091797,"z":37.76406478881836},"rotation":{"x":0.49295613169670107,"y":-0.0014301780611276627,"z":0.0011070312466472388,"w":0.8702394962310791},"size":69.43568420410156,"orthographic":false}