{"cameraMode":{"drawMode":0,"name":"Shaded","section":"Shading Mode"},"sceneLighting":false,"audioPlay":false,"sceneViewState":{"showFog":true,"showMaterialUpdate":true,"showSkybox":false,"showFlares":true,"showImageEffects":true,"showParticleSystems":true},"in2DMode":false,"pivot":{"x":-7.23046875,"y":0.4463358223438263,"z":-8.418719291687012},"rotation":{"x":0.4016731083393097,"y":0.5919052362442017,"z":-0.43429332971572878,"w":0.547448456287384},"size":6.686253547668457,"orthographic":true}