{"cameraMode":{"drawMode":0,"name":"Shaded","section":"Shading Mode"},"sceneLighting":false,"audioPlay":false,"sceneViewState":{"showFog":true,"showMaterialUpdate":true,"showSkybox":false,"showFlares":true,"showImageEffects":true,"showParticleSystems":true},"in2DMode":false,"pivot":{"x":-14.090176582336426,"y":5.880056858062744,"z":-0.9553775787353516},"rotation":{"x":0.4172990620136261,"y":-0.2658502459526062,"z":0.12940724194049836,"w":0.8601570129394531},"size":3.4962806701660158,"orthographic":false}