{"cameraMode":{"drawMode":0,"name":"Shaded","section":"Shading Mode"},"sceneLighting":false,"audioPlay":false,"sceneViewState":{"showFog":true,"showMaterialUpdate":true,"showSkybox":false,"showFlares":true,"showImageEffects":true,"showParticleSystems":true},"in2DMode":false,"pivot":{"x":5.793205738067627,"y":0.5315247774124146,"z":-2.064131736755371},"rotation":{"x":0.16750693321228028,"y":-0.011834852397441864,"z":0.0020187271293252708,"w":0.9858106374740601},"size":0.37083232402801516,"orthographic":false}