{"cameraMode":{"drawMode":0,"name":"Shaded","section":"Shading Mode"},"sceneLighting":false,"audioPlay":false,"sceneViewState":{"showFog":true,"showMaterialUpdate":true,"showSkybox":false,"showFlares":true,"showImageEffects":true,"showParticleSystems":true},"in2DMode":false,"pivot":{"x":-13.993425369262696,"y":9.671778678894043,"z":-2.939896583557129},"rotation":{"x":0.49545758962631228,"y":-0.010423056781291962,"z":0.005946178920567036,"w":0.8685584664344788},"size":3.4962806701660158,"orthographic":false}