{"cameraMode":{"drawMode":0,"name":"Shaded","section":"Shading Mode"},"sceneLighting":true,"audioPlay":false,"sceneViewState":{"showFog":true,"showMaterialUpdate":true,"showSkybox":true,"showFlares":true,"showImageEffects":true,"showParticleSystems":true},"in2DMode":false,"pivot":{"x":-7.060899257659912,"y":-1.8289144039154053,"z":-3.2611191272735597},"rotation":{"x":-0.0387936569750309,"y":-0.9543161392211914,"z":0.25981321930885317,"w":-0.14248126745224},"size":7.8347883224487309,"orthographic":false}