{"cameraMode":{"drawMode":0,"name":"Shaded","section":"Shading Mode"},"sceneLighting":false,"audioPlay":false,"sceneViewState":{"showFog":true,"showMaterialUpdate":true,"showSkybox":false,"showFlares":true,"showImageEffects":true,"showParticleSystems":true},"in2DMode":false,"pivot":{"x":-7.902560710906982,"y":1.9933427572250367,"z":-1.5178388357162476},"rotation":{"x":0.5290507674217224,"y":-0.005104731302708387,"z":0.003709948156028986,"w":0.8487618565559387},"size":2.321873188018799,"orthographic":false}