{"cameraMode":{"drawMode":0,"name":"Shaded","section":"Shading Mode"},"sceneLighting":false,"audioPlay":false,"sceneViewState":{"showFog":true,"showMaterialUpdate":true,"showSkybox":false,"showFlares":true,"showImageEffects":true,"showParticleSystems":true},"in2DMode":false,"pivot":{"x":-3.9440503120422365,"y":-0.14175301790237428,"z":8.680586814880371},"rotation":{"x":0.5117618441581726,"y":0.012081253342330456,"z":-0.0035696483682841064,"w":0.8595154285430908},"size":2.2409543991088869,"orthographic":false}