{"cameraMode":{"drawMode":0,"name":"Shaded","section":"Shading Mode"},"sceneLighting":false,"audioPlay":false,"sceneViewState":{"showFog":true,"showMaterialUpdate":true,"showSkybox":false,"showFlares":true,"showImageEffects":true,"showParticleSystems":true},"in2DMode":false,"pivot":{"x":-0.8950510025024414,"y":0.709280788898468,"z":-0.29262036085128786},"rotation":{"x":-0.07266248762607575,"y":0.6883783340454102,"z":-0.06962931901216507,"w":-0.7183471322059631},"size":4.3201775550842289,"orthographic":false}