{"cameraMode":{"drawMode":0,"name":"Shaded","section":"Shading Mode"},"sceneLighting":false,"audioPlay":false,"sceneViewState":{"showFog":true,"showMaterialUpdate":true,"showSkybox":false,"showFlares":true,"showImageEffects":true,"showParticleSystems":true},"in2DMode":false,"pivot":{"x":-2.6631879806518556,"y":-0.12499409914016724,"z":10.193120956420899},"rotation":{"x":0.03211976960301399,"y":-0.8181201815605164,"z":0.5725507140159607,"w":0.04945848882198334},"size":2.0267977714538576,"orthographic":false}