{"cameraMode":{"drawMode":0,"name":"Shaded","section":"Shading Mode"},"sceneLighting":false,"audioPlay":false,"sceneViewState":{"showFog":true,"showMaterialUpdate":true,"showSkybox":false,"showFlares":true,"showImageEffects":true,"showParticleSystems":true},"in2DMode":false,"pivot":{"x":2.0148396492004396,"y":2.7355570793151857,"z":0.23125183582305909},"rotation":{"x":-0.0961308553814888,"y":0.7812701463699341,"z":-0.12432459741830826,"w":-0.6040959358215332},"size":4.3201775550842289,"orthographic":false}