{"cameraMode":{"drawMode":0,"name":"Shaded","section":"Shading Mode"},"sceneLighting":false,"audioPlay":false,"sceneViewState":{"showFog":true,"showMaterialUpdate":true,"showSkybox":false,"showFlares":true,"showImageEffects":true,"showParticleSystems":true},"in2DMode":false,"pivot":{"x":-2.04386043548584,"y":-1.4365818500518799,"z":9.706756591796875},"rotation":{"x":0.03211976960301399,"y":-0.8181201815605164,"z":0.5725507140159607,"w":0.04945848882198334},"size":2.680478572845459,"orthographic":false}