{"cameraMode":{"drawMode":0,"name":"Shaded","section":"Shading Mode"},"sceneLighting":false,"audioPlay":false,"sceneViewState":{"showFog":true,"showMaterialUpdate":true,"showSkybox":false,"showFlares":true,"showImageEffects":true,"showParticleSystems":true},"in2DMode":false,"pivot":{"x":-6.890389919281006,"y":0.21291449666023255,"z":-0.5226924419403076},"rotation":{"x":0.313609778881073,"y":-0.530273973941803,"z":0.2197270393371582,"w":0.7569091320037842},"size":3.7902159690856935,"orthographic":false}