{"cameraMode":{"drawMode":0,"name":"Shaded","section":"Shading Mode"},"sceneLighting":false,"audioPlay":false,"sceneViewState":{"showFog":true,"showMaterialUpdate":true,"showSkybox":false,"showFlares":true,"showImageEffects":true,"showParticleSystems":true},"in2DMode":false,"pivot":{"x":-7.264760971069336,"y":-2.5137956142425539,"z":2.84832763671875},"rotation":{"x":0.2761076092720032,"y":0.03731986880302429,"z":-0.010264620184898377,"w":0.9605169892311096},"size":9.509291648864746,"orthographic":false}