{"cameraMode":{"drawMode":0,"name":"Shaded","section":"Shading Mode"},"sceneLighting":false,"audioPlay":false,"sceneViewState":{"showFog":true,"showMaterialUpdate":true,"showSkybox":true,"showFlares":true,"showImageEffects":true,"showParticleSystems":true},"in2DMode":false,"pivot":{"x":-18.491125106811525,"y":35.45372772216797,"z":-77.00588989257813},"rotation":{"x":0.05481530725955963,"y":0.36432865262031557,"z":-0.021230895072221757,"w":0.929540753364563},"size":13.041013717651368,"orthographic":false}