{"cameraMode":{"drawMode":0,"name":"Shaded","section":"Shading Mode"},"sceneLighting":true,"audioPlay":false,"sceneViewState":{"showFog":true,"showMaterialUpdate":true,"showSkybox":true,"showFlares":true,"showImageEffects":true,"showParticleSystems":true},"in2DMode":false,"pivot":{"x":-23.006071090698243,"y":-21.288536071777345,"z":30.162837982177736},"rotation":{"x":0.297395795583725,"y":-0.007258658763021231,"z":0.0016516221221536399,"w":0.9549586176872253},"size":78.85472106933594,"orthographic":false}