{"cameraMode":{"drawMode":0,"name":"Shaded","section":"Shading Mode"},"sceneLighting":true,"audioPlay":false,"sceneViewState":{"showFog":true,"showMaterialUpdate":true,"showSkybox":true,"showFlares":true,"showImageEffects":true,"showParticleSystems":true},"in2DMode":false,"pivot":{"x":-1.3527144193649293,"y":22.273277282714845,"z":-9.291446685791016},"rotation":{"x":0.467354416847229,"y":-0.007684145588427782,"z":0.004056598525494337,"w":0.8840376734733582},"size":4.041658401489258,"orthographic":false}