{"cameraMode":{"drawMode":0,"name":"Shaded","section":"Shading Mode"},"sceneLighting":true,"audioPlay":false,"sceneViewState":{"showFog":true,"showMaterialUpdate":true,"showSkybox":true,"showFlares":true,"showImageEffects":true,"showParticleSystems":true},"in2DMode":false,"pivot":{"x":-0.18606512248516084,"y":-7.017207622528076,"z":9.8390474319458},"rotation":{"x":-0.30297261476516726,"y":0.0019992433954030277,"z":-0.000635273230727762,"w":-0.9530008435249329},"size":22.0,"orthographic":false}