{"cameraMode":{"drawMode":0,"name":"Shaded","section":"Shading Mode"},"sceneLighting":false,"audioPlay":false,"sceneViewState":{"showFog":true,"showMaterialUpdate":true,"showSkybox":false,"showFlares":true,"showImageEffects":true,"showParticleSystems":true},"in2DMode":false,"pivot":{"x":-5.065803527832031,"y":2.137068748474121,"z":0.22430038452148438},"rotation":{"x":0.2291681170463562,"y":0.7386717796325684,"z":-0.3044075667858124,"w":0.5560741424560547},"size":14.240920066833496,"orthographic":false}