{"cameraMode":{"drawMode":0,"name":"Shaded","section":"Shading Mode"},"sceneLighting":false,"audioPlay":false,"sceneViewState":{"showFog":true,"showMaterialUpdate":true,"showSkybox":true,"showFlares":true,"showImageEffects":true,"showParticleSystems":true},"in2DMode":false,"pivot":{"x":-75.9872817993164,"y":-23.71424674987793,"z":-21.728952407836915},"rotation":{"x":-0.3867661654949188,"y":-0.6122382879257202,"z":0.46287864446640017,"w":-0.5114729404449463},"size":37.5911979675293,"orthographic":false}