{"cameraMode":{"drawMode":0,"name":"Shaded","section":"Shading Mode"},"sceneLighting":true,"audioPlay":false,"sceneViewState":{"showFog":true,"showMaterialUpdate":true,"showSkybox":true,"showFlares":true,"showImageEffects":true,"showParticleSystems":true},"in2DMode":false,"pivot":{"x":-15.234884262084961,"y":-61.861698150634769,"z":135.87496948242188},"rotation":{"x":-0.3241034746170044,"y":0.0954286977648735,"z":-0.03286704793572426,"w":-0.9406605958938599},"size":116.44222259521485,"orthographic":false}