{"cameraMode":{"drawMode":0,"name":"Shaded","section":"Shading Mode"},"sceneLighting":false,"audioPlay":false,"sceneViewState":{"showFog":true,"showMaterialUpdate":true,"showSkybox":false,"showFlares":true,"showImageEffects":true,"showParticleSystems":true},"in2DMode":false,"pivot":{"x":1.791670799255371,"y":1.6882987022399903,"z":1.9582526683807374},"rotation":{"x":-0.10850605368614197,"y":0.8622891306877136,"z":-0.2085551768541336,"w":-0.4485839903354645},"size":4.031909465789795,"orthographic":false}