{"cameraMode":{"drawMode":0,"name":"Shaded","section":"Shading Mode"},"sceneLighting":false,"audioPlay":false,"sceneViewState":{"showFog":true,"showMaterialUpdate":true,"showSkybox":false,"showFlares":true,"showImageEffects":true,"showParticleSystems":true},"in2DMode":false,"pivot":{"x":0.2383652925491333,"y":-1.0726847648620606,"z":-2.1577510833740236},"rotation":{"x":0.04212958365678787,"y":-0.8954851627349854,"z":0.43456748127937319,"w":0.08677656203508377},"size":11.31904125213623,"orthographic":false}