{"cameraMode":{"drawMode":0,"name":"Shaded","section":"Shading Mode"},"sceneLighting":false,"audioPlay":false,"sceneViewState":{"showFog":true,"showMaterialUpdate":true,"showSkybox":false,"showFlares":true,"showImageEffects":true,"showParticleSystems":true},"in2DMode":false,"pivot":{"x":-7.245351791381836,"y":0.13809926807880402,"z":0.7215675115585327},"rotation":{"x":0.36508703231811526,"y":-0.6012544631958008,"z":0.35844674706459048,"w":0.6140256524085999},"size":2.1155831813812258,"orthographic":false}