{"cameraMode":{"drawMode":0,"name":"Shaded","section":"Shading Mode"},"sceneLighting":false,"audioPlay":false,"sceneViewState":{"showFog":true,"showMaterialUpdate":true,"showSkybox":false,"showFlares":true,"showImageEffects":true,"showParticleSystems":true},"in2DMode":false,"pivot":{"x":-4.719361305236816,"y":1.1083271503448487,"z":-3.920135259628296},"rotation":{"x":0.5145754218101502,"y":0.20160378515720368,"z":-0.12592707574367524,"w":0.8238555192947388},"size":5.377599716186523,"orthographic":false}