{"cameraMode":{"drawMode":0,"name":"Shaded","section":"Shading Mode"},"sceneLighting":false,"audioPlay":false,"sceneViewState":{"showFog":true,"showMaterialUpdate":true,"showSkybox":false,"showFlares":true,"showImageEffects":true,"showParticleSystems":true},"in2DMode":false,"pivot":{"x":1.0794439315795899,"y":2.562453508377075,"z":-0.4595053791999817},"rotation":{"x":-0.16236671805381776,"y":0.723535418510437,"z":-0.18190747499465943,"w":-0.6458108425140381},"size":4.041658401489258,"orthographic":false}