{"cameraMode":{"drawMode":0,"name":"Shaded","section":"Shading Mode"},"sceneLighting":false,"audioPlay":false,"sceneViewState":{"showFog":true,"showMaterialUpdate":true,"showSkybox":false,"showFlares":true,"showImageEffects":true,"showParticleSystems":true},"in2DMode":false,"pivot":{"x":2.509999990463257,"y":0.20107001066207887,"z":5.840000152587891},"rotation":{"x":-0.4805743098258972,"y":-0.002107439562678337,"z":0.0011548729380592704,"w":-0.8769540190696716},"size":1.1492409706115723,"orthographic":false}