{"cameraMode":{"drawMode":0,"name":"Shaded","section":"Shading Mode"},"sceneLighting":false,"audioPlay":false,"sceneViewState":{"showFog":true,"showMaterialUpdate":true,"showSkybox":false,"showFlares":true,"showImageEffects":true,"showParticleSystems":true},"in2DMode":false,"pivot":{"x":2.8818697929382326,"y":-1.7168207168579102,"z":-1.2315874099731446},"rotation":{"x":-0.18133363127708436,"y":-0.8137192130088806,"z":0.3376442492008209,"w":-0.4370597302913666},"size":11.31904125213623,"orthographic":false}