{"cameraMode":{"drawMode":0,"name":"Shaded","section":"Shading Mode"},"sceneLighting":false,"audioPlay":false,"sceneViewState":{"showFog":true,"showMaterialUpdate":true,"showSkybox":true,"showFlares":true,"showImageEffects":true,"showParticleSystems":true},"in2DMode":false,"pivot":{"x":-4.33271598815918,"y":-2.05435848236084,"z":-5.8752288818359379},"rotation":{"x":0.20199742913246156,"y":0.31423455476760867,"z":-0.06862350553274155,"w":0.9255445599555969},"size":37.5911979675293,"orthographic":false}