{"cameraMode":{"drawMode":0,"name":"Shaded","section":"Shading Mode"},"sceneLighting":false,"audioPlay":false,"sceneViewState":{"showFog":true,"showMaterialUpdate":true,"showSkybox":false,"showFlares":true,"showImageEffects":true,"showParticleSystems":true},"in2DMode":false,"pivot":{"x":-7.1510233879089359,"y":0.17468121647834779,"z":2.0755703449249269},"rotation":{"x":0.5013906359672546,"y":0.11019688099622727,"z":-0.06460226327180863,"w":0.8567701578140259},"size":1.4264429807662964,"orthographic":false}