{"cameraMode":{"drawMode":0,"name":"Shaded","section":"Shading Mode"},"sceneLighting":false,"audioPlay":false,"sceneViewState":{"showFog":true,"showMaterialUpdate":true,"showSkybox":false,"showFlares":true,"showImageEffects":true,"showParticleSystems":true},"in2DMode":false,"pivot":{"x":-0.19157348573207856,"y":11.136550903320313,"z":-4.300893783569336},"rotation":{"x":0.32991912961006167,"y":-0.022363321855664254,"z":0.007810254115611315,"w":0.9437282681465149},"size":4.941658973693848,"orthographic":false}