{"cameraMode":{"drawMode":0,"name":"Shaded","section":"Shading Mode"},"sceneLighting":false,"audioPlay":false,"sceneViewState":{"showFog":true,"showMaterialUpdate":true,"showSkybox":false,"showFlares":true,"showImageEffects":true,"showParticleSystems":true},"in2DMode":false,"pivot":{"x":-3.0875725746154787,"y":0.1821359395980835,"z":9.955130577087403},"rotation":{"x":0.03211976960301399,"y":-0.8181201815605164,"z":0.5725507140159607,"w":0.04945848882198334},"size":2.083441734313965,"orthographic":false}