{"cameraMode":{"drawMode":0,"name":"Shaded","section":"Shading Mode"},"sceneLighting":false,"audioPlay":false,"sceneViewState":{"showFog":true,"showMaterialUpdate":true,"showSkybox":false,"showFlares":true,"showImageEffects":true,"showParticleSystems":true},"in2DMode":false,"pivot":{"x":-5.185461044311523,"y":2.8405487537384035,"z":-5.806830883026123},"rotation":{"x":0.06575164198875427,"y":0.9283596873283386,"z":-0.3071334958076477,"w":0.19874459505081178},"size":6.686253547668457,"orthographic":true}