{"cameraMode":{"drawMode":0,"name":"Shaded","section":"Shading Mode"},"sceneLighting":false,"audioPlay":false,"sceneViewState":{"showFog":true,"showMaterialUpdate":true,"showSkybox":true,"showFlares":true,"showImageEffects":true,"showParticleSystems":true},"in2DMode":false,"pivot":{"x":-76.07579040527344,"y":36.99360656738281,"z":-26.69576072692871},"rotation":{"x":0.43084314465522768,"y":0.2155349999666214,"z":-0.10710309445858002,"w":0.870006799697876},"size":12.806866645812989,"orthographic":false}