{"cameraMode":{"drawMode":0,"name":"Shaded","section":"Shading Mode"},"sceneLighting":false,"audioPlay":false,"sceneViewState":{"showFog":true,"showMaterialUpdate":true,"showSkybox":false,"showFlares":true,"showImageEffects":true,"showParticleSystems":true},"in2DMode":false,"pivot":{"x":-0.3424673080444336,"y":1.2199721336364747,"z":-2.4104015827178957},"rotation":{"x":0.007938781753182412,"y":-0.9879247546195984,"z":0.14507657289505006,"w":0.05399976670742035},"size":3.861194372177124,"orthographic":false}