{"cameraMode":{"drawMode":0,"name":"Shaded","section":"Shading Mode"},"sceneLighting":false,"audioPlay":false,"sceneViewState":{"showFog":true,"showMaterialUpdate":true,"showSkybox":false,"showFlares":true,"showImageEffects":true,"showParticleSystems":true},"in2DMode":false,"pivot":{"x":1.4733495712280274,"y":4.218900203704834,"z":-0.6413025856018066},"rotation":{"x":-0.14169754087924958,"y":0.8430524468421936,"z":-0.2694108784198761,"w":-0.4434119164943695},"size":4.3201775550842289,"orthographic":false}