{"cameraMode":{"drawMode":0,"name":"Shaded","section":"Shading Mode"},"sceneLighting":false,"audioPlay":false,"sceneViewState":{"showFog":true,"showMaterialUpdate":true,"showSkybox":false,"showFlares":true,"showImageEffects":true,"showParticleSystems":true},"in2DMode":false,"pivot":{"x":6.336263656616211,"y":-2.1013295650482179,"z":-0.4738333225250244},"rotation":{"x":-0.08827850967645645,"y":-0.7421518564224243,"z":0.09886908531188965,"w":-0.657378613948822},"size":15.714622497558594,"orthographic":false}