{"cameraMode":{"drawMode":0,"name":"Shaded","section":"Shading Mode"},"sceneLighting":false,"audioPlay":false,"sceneViewState":{"showFog":true,"showMaterialUpdate":true,"showSkybox":false,"showFlares":true,"showImageEffects":true,"showParticleSystems":true},"in2DMode":false,"pivot":{"x":3.0663392543792726,"y":-1.6890439987182618,"z":-1.2642230987548829},"rotation":{"x":-0.22928769886493684,"y":-0.7707071900367737,"z":0.4223620891571045,"w":-0.41844135522842409},"size":11.31904125213623,"orthographic":false}