{"cameraMode":{"drawMode":0,"name":"Shaded","section":"Shading Mode"},"sceneLighting":false,"audioPlay":false,"sceneViewState":{"showFog":true,"showMaterialUpdate":true,"showSkybox":false,"showFlares":true,"showImageEffects":true,"showParticleSystems":true},"in2DMode":false,"pivot":{"x":-1.3425942659378052,"y":-0.4855554699897766,"z":10.079113960266114},"rotation":{"x":0.03211976960301399,"y":-0.8181201815605164,"z":0.5725507140159607,"w":0.04945848882198334},"size":2.1737961769104006,"orthographic":false}