{"cameraMode":{"drawMode":0,"name":"Shaded","section":"Shading Mode"},"sceneLighting":true,"audioPlay":false,"sceneViewState":{"showFog":true,"showMaterialUpdate":true,"showSkybox":true,"showFlares":true,"showImageEffects":true,"showParticleSystems":true},"in2DMode":false,"pivot":{"x":-0.8000413179397583,"y":6.535822868347168,"z":0.8049271106719971},"rotation":{"x":0.2828242778778076,"y":0.021876079961657525,"z":-0.006456783972680569,"w":0.95891273021698},"size":20.34937286376953,"orthographic":false}