{"cameraMode":{"drawMode":0,"name":"Shaded","section":"Shading Mode"},"sceneLighting":false,"audioPlay":false,"sceneViewState":{"showFog":true,"showMaterialUpdate":true,"showSkybox":false,"showFlares":true,"showImageEffects":true,"showParticleSystems":true},"in2DMode":false,"pivot":{"x":-17.439685821533204,"y":-53.55252456665039,"z":-25.203025817871095},"rotation":{"x":0.03831839933991432,"y":0.8594266176223755,"z":-0.5057441592216492,"w":0.06510279327630997},"size":80.25167846679688,"orthographic":false}