{"cameraMode":{"drawMode":0,"name":"Shaded","section":"Shading Mode"},"sceneLighting":false,"audioPlay":false,"sceneViewState":{"showFog":true,"showMaterialUpdate":true,"showSkybox":true,"showFlares":true,"showImageEffects":true,"showParticleSystems":true},"in2DMode":false,"pivot":{"x":-2.0470261573791506,"y":-9.9437255859375,"z":15.235176086425782},"rotation":{"x":0.42703351378440859,"y":-0.01898892968893051,"z":0.00897502712905407,"w":0.9040037393569946},"size":28.760133743286134,"orthographic":false}