{"cameraMode":{"drawMode":0,"name":"Shaded","section":"Shading Mode"},"sceneLighting":true,"audioPlay":false,"sceneViewState":{"showFog":true,"showMaterialUpdate":true,"showSkybox":true,"showFlares":true,"showImageEffects":true,"showParticleSystems":true},"in2DMode":false,"pivot":{"x":-175.44471740722657,"y":19.0845947265625,"z":-212.28013610839845},"rotation":{"x":-0.10834739357233048,"y":-0.6739664077758789,"z":0.10277131199836731,"w":-0.7242382764816284},"size":10.449999809265137,"orthographic":false}