{"cameraMode":{"drawMode":0,"name":"Shaded","section":"Shading Mode"},"sceneLighting":false,"audioPlay":false,"sceneViewState":{"showFog":true,"showMaterialUpdate":true,"showSkybox":false,"showFlares":true,"showImageEffects":true,"showParticleSystems":true},"in2DMode":false,"pivot":{"x":-4.626510143280029,"y":1.1083271503448487,"z":-1.7563018798828126},"rotation":{"x":0.07667485624551773,"y":0.8879063725471497,"z":-0.4243322014808655,"w":0.1604776531457901},"size":5.079137802124023,"orthographic":false}