{"cameraMode":{"drawMode":0,"name":"Shaded","section":"Shading Mode"},"sceneLighting":false,"audioPlay":false,"sceneViewState":{"showFog":true,"showMaterialUpdate":true,"showSkybox":true,"showFlares":true,"showImageEffects":true,"showParticleSystems":true},"in2DMode":false,"pivot":{"x":-19.94171714782715,"y":4.723725318908691,"z":5.213244438171387},"rotation":{"x":-0.024575823917984964,"y":-0.9350988268852234,"z":0.3481561839580536,"w":-0.06696102768182755},"size":2.8578836917877199,"orthographic":false}