{"cameraMode":{"drawMode":0,"name":"Shaded","section":"Shading Mode"},"sceneLighting":false,"audioPlay":false,"sceneViewState":{"showFog":true,"showMaterialUpdate":true,"showSkybox":false,"showFlares":true,"showImageEffects":true,"showParticleSystems":true},"in2DMode":false,"pivot":{"x":1.65518057346344,"y":1.21328866481781,"z":-0.617226779460907},"rotation":{"x":-0.17116889357566834,"y":0.6424974799156189,"z":-0.15030741691589356,"w":-0.7316688299179077},"size":4.041658401489258,"orthographic":false}