{"cameraMode":{"drawMode":0,"name":"Shaded","section":"Shading Mode"},"sceneLighting":false,"audioPlay":false,"sceneViewState":{"showFog":true,"showMaterialUpdate":true,"showSkybox":false,"showFlares":true,"showImageEffects":true,"showParticleSystems":true},"in2DMode":false,"pivot":{"x":-5.920657157897949,"y":0.795051097869873,"z":-6.381937026977539},"rotation":{"x":-0.03565581887960434,"y":-0.963327944278717,"z":0.21081562340259553,"w":-0.16429826617240907},"size":7.0224995613098148,"orthographic":false}