{"cameraMode":{"drawMode":0,"name":"Shaded","section":"Shading Mode"},"sceneLighting":true,"audioPlay":false,"sceneViewState":{"showFog":true,"showMaterialUpdate":true,"showSkybox":true,"showFlares":true,"showImageEffects":true,"showParticleSystems":true},"in2DMode":false,"pivot":{"x":1.3629018068313599,"y":-10.377206802368164,"z":-41.82452392578125},"rotation":{"x":-0.22421079874038697,"y":-0.6855214834213257,"z":0.2379997968673706,"w":-0.6513922810554504},"size":85.5892562866211,"orthographic":false}