{"cameraMode":{"drawMode":0,"name":"Shaded","section":"Shading Mode"},"sceneLighting":false,"audioPlay":false,"sceneViewState":{"showFog":true,"showMaterialUpdate":true,"showSkybox":false,"showFlares":true,"showImageEffects":true,"showParticleSystems":true},"in2DMode":false,"pivot":{"x":-0.3436494469642639,"y":1.0775396823883057,"z":-1.9942669868469239},"rotation":{"x":0.00545861478894949,"y":-0.9945405721664429,"z":0.07053880393505097,"w":0.07683751732110977},"size":4.161194324493408,"orthographic":false}