{"cameraMode":{"drawMode":0,"name":"Shaded","section":"Shading Mode"},"sceneLighting":true,"audioPlay":false,"sceneViewState":{"showFog":true,"showMaterialUpdate":true,"showSkybox":true,"showFlares":true,"showImageEffects":true,"showParticleSystems":true},"in2DMode":false,"pivot":{"x":-11.108128547668457,"y":0.2628853917121887,"z":-0.15462523698806764},"rotation":{"x":0.2546689510345459,"y":-0.6315090656280518,"z":0.2314552664756775,"w":0.6948340535163879},"size":53.59315490722656,"orthographic":false}