{"cameraMode":{"drawMode":0,"name":"Shaded","section":"Shading Mode"},"sceneLighting":false,"audioPlay":false,"sceneViewState":{"showFog":true,"showMaterialUpdate":true,"showSkybox":false,"showFlares":true,"showImageEffects":true,"showParticleSystems":true},"in2DMode":false,"pivot":{"x":0.34864044189453127,"y":1.3144373893737794,"z":-0.3574199676513672},"rotation":{"x":0.19845719635486604,"y":-0.4962502121925354,"z":0.11766108870506287,"w":0.836972713470459},"size":2.934920072555542,"orthographic":false}