{"cameraMode":{"drawMode":0,"name":"Shaded","section":"Shading Mode"},"sceneLighting":false,"audioPlay":false,"sceneViewState":{"showFog":true,"showMaterialUpdate":true,"showSkybox":true,"showFlares":true,"showImageEffects":true,"showParticleSystems":true},"in2DMode":false,"pivot":{"x":-29.56304168701172,"y":2.4579477310180666,"z":2.7305290699005129},"rotation":{"x":0.2088325321674347,"y":0.610823392868042,"z":-0.17106598615646363,"w":0.7444924116134644},"size":21.163646697998048,"orthographic":false}