{"cameraMode":{"drawMode":0,"name":"Shaded","section":"Shading Mode"},"sceneLighting":false,"audioPlay":false,"sceneViewState":{"showFog":true,"showMaterialUpdate":true,"showSkybox":false,"showFlares":true,"showImageEffects":true,"showParticleSystems":true},"in2DMode":false,"pivot":{"x":8.955589294433594,"y":-8.91015625,"z":-0.6216428875923157},"rotation":{"x":0.42157459259033205,"y":0.05028447136282921,"z":-0.023421451449394227,"w":0.905095636844635},"size":10.932214736938477,"orthographic":true}